OrderID,Date,CustomerID,Gender,Age,Product,Category,Quantity,Price,Region,Total
1,2023-04-13,1155,Female,33,Home,C,1,353,South,353
2,2023-12-15,1881,Male,56,Sports,C,2,212,South,424
3,2023-09-28,1468,Male,39,Home,C,2,108,North,216
4,2023-04-17,1048,Male,29,Electronics,C,1,288,North,288
5,2023-03-13,1966,Male,41,Electronics,C,3,218,East,654
6,2023-07-08,1848,Female,57,Electronics,C,3,138,North,414
7,2023-01-21,1083,Female,55,Home,C,4,344,North,1376
8,2023-04-13,1360,Male,27,Sports,C,2,297,East,594
9,2023-05-02,1688,Female,52,Electronics,B,3,261,North,783
10,2023-08-03,1147,Male,49,Sports,C,4,274,North,1096
11,2023-11-27,1629,Male,24,Home,A,3,280,East,840
12,2023-03-29,1341,Female,38,Sports,B,2,421,West,842
13,2023-04-10,1475,Female,37,Home,C,4,417,West,1668
14,2023-12-26,1062,Female,43,Home,A,4,197,North,788
15,2023-06-01,1700,Female,21,Beauty,C,4,428,North,1712
16,2023-05-11,1359,Female,39,Home,A,3,223,East,669
17,2023-05-30,1560,Female,32,Home,A,2,292,East,584
18,2023-11-05,1326,Female,57,Clothing,A,4,220,West,880
19,2023-09-15,1768,Male,38,Electronics,A,1,374,South,374
20,2023-12-10,1735,Male,32,Beauty,B,2,85,North,170
21,2023-10-21,1140,Male,39,Beauty,B,1,157,South,157
22,2023-07-11,1989,Male,45,Beauty,A,1,330,South,330
23,2023-10-04,1214,Male,31,Clothing,C,4,222,East,888
24,2023-06-10,1434,Female,44,Home,A,4,442,North,1768
25,2023-11-10,1890,Male,58,Electronics,B,3,118,North,354
26,2023-01-22,1951,Male,57,Sports,C,3,138,East,414
27,2023-09-10,1722,Male,45,Home,B,3,19,South,57
28,2023-08-24,1317,Male,43,Clothing,B,2,56,East,112
29,2023-12-11,1031,Male,19,Home,C,3,388,West,1164
30,2023-02-18,1669,Male,42,Home,A,1,324,North,324
31,2023-02-28,1284,Male,20,Clothing,A,3,105,West,315
32,2023-06-19,1304,Female,25,Beauty,A,4,455,East,1820
33,2023-07-07,1428,Female,50,Beauty,A,3,112,North,336
34,2023-09-28,1476,Male,59,Electronics,C,2,389,West,778
35,2023-07-09,1285,Female,52,Electronics,C,2,351,West,702
36,2023-06-24,1143,Female,23,Beauty,C,1,155,South,155
37,2023-02-20,1423,Female,56,Sports,B,2,377,North,754
38,2023-12-30,1018,Female,40,Home,C,3,439,West,1317
39,2023-02-24,1017,Male,42,Sports,A,4,425,West,1700
40,2023-09-01,1768,Female,36,Home,B,2,36,South,72
41,2023-11-16,1589,Female,22,Beauty,A,1,229,West,229
42,2023-05-11,1370,Female,28,Electronics,A,3,27,West,81
43,2023-11-03,1174,Male,29,Electronics,C,1,176,West,176
44,2023-05-15,1193,Male,27,Sports,C,2,442,South,884
45,2023-01-21,1501,Male,25,Electronics,A,2,486,West,972
46,2023-11-25,1987,Male,41,Beauty,A,1,91,West,91
47,2023-06-16,1112,Male,45,Sports,B,3,437,North,1311
48,2023-10-01,1113,Male,58,Home,C,2,81,North,162
49,2023-03-30,1221,Male,53,Electronics,B,4,319,South,1276
50,2023-11-12,1677,Female,54,Clothing,B,2,488,East,976
51,2023-01-14,1946,Female,38,Electronics,B,3,263,North,789
52,2023-08-30,1830,Female,25,Home,A,2,171,South,342
53,2023-09-22,1643,Male,26,Sports,B,1,336,West,336
54,2023-12-12,1896,Male,32,Home,B,2,429,West,858
55,2023-02-22,1263,Male,57,Clothing,A,2,411,South,822
56,2023-12-06,1924,Male,35,Beauty,C,3,47,West,141
57,2023-04-02,1054,Male,59,Electronics,C,1,452,West,452
58,2023-09-21,1870,Female,37,Sports,B,3,402,East,1206
59,2023-02-04,1642,Female,23,Beauty,A,2,210,West,420
60,2023-07-25,1799,Male,29,Home,C,4,209,North,836
61,2023-03-22,1777,Male,19,Sports,B,2,264,West,528
62,2023-02-19,1457,Male,24,Beauty,B,3,188,South,564
63,2023-12-26,1978,Male,33,Sports,A,4,44,East,176
64,2023-01-02,1877,Female,20,Clothing,B,3,91,West,273
65,2023-02-23,1161,Male,20,Clothing,C,3,398,South,1194
66,2023-04-16,1379,Male,44,Electronics,A,1,407,North,407
67,2023-09-17,1992,Male,57,Electronics,C,4,229,West,916
68,2023-11-06,1086,Male,55,Clothing,C,2,167,East,334
69,2023-07-10,1054,Female,50,Sports,C,3,13,West,39
70,2023-08-06,1475,Male,45,Clothing,B,2,176,South,352
71,2023-02-13,1799,Male,18,Electronics,B,1,477,East,477
72,2023-06-11,1177,Female,25,Clothing,C,1,457,West,457
73,2023-07-21,1390,Female,54,Clothing,C,4,418,North,1672
74,2023-09-27,1348,Female,49,Sports,A,1,421,East,421
75,2023-12-17,1007,Male,54,Beauty,A,1,213,North,213
76,2023-10-31,1832,Male,21,Electronics,B,2,203,South,406
77,2023-09-28,1312,Female,47,Sports,B,1,244,West,244
78,2023-08-03,1758,Female,23,Clothing,A,1,215,North,215
79,2023-09-09,1834,Female,36,Clothing,C,3,159,South,477
80,2023-07-09,1983,Female,49,Beauty,B,1,168,West,168
81,2023-10-23,1982,Female,26,Electronics,C,3,288,South,864
82,2023-08-01,1442,Female,29,Electronics,A,1,313,North,313
83,2023-07-27,1766,Male,28,Home,B,1,413,South,413
84,2023-08-25,1327,Male,33,Electronics,B,4,390,East,1560
85,2023-12-04,1053,Male,18,Beauty,A,4,175,West,700
86,2023-02-22,1760,Female,38,Home,B,3,320,South,960
87,2023-10-07,1238,Female,47,Home,A,1,77,North,77
88,2023-08-05,1228,Female,30,Clothing,B,2,472,West,944
89,2023-09-09,1578,Female,51,Clothing,A,4,97,East,388
90,2023-07-07,1050,Female,21,Electronics,B,2,226,West,452
91,2023-02-10,1608,Female,45,Home,C,4,10,East,40
92,2023-06-06,1603,Male,55,Clothing,C,4,144,West,576
93,2023-01-15,1263,Male,48,Beauty,C,1,194,South,194
94,2023-10-28,1417,Female,44,Clothing,B,4,360,South,1440
95,2023-03-06,1802,Male,22,Clothing,B,2,149,North,298
96,2023-12-11,1095,Female,42,Home,C,4,115,East,460
97,2023-11-23,1087,Male,20,Home,C,3,142,North,426
98,2023-01-09,1077,Female,50,Sports,A,1,117,South,117
99,2023-12-10,1287,Female,21,Beauty,A,1,187,East,187
100,2023-05-09,1119,Male,42,Home,A,3,307,North,921
101,2023-05-16,1813,Male,37,Electronics,C,3,367,North,1101
102,2023-03-04,1490,Female,51,Beauty,C,3,389,North,1167
103,2023-05-19,1911,Female,43,Beauty,C,4,405,North,1620
104,2023-03-22,1451,Male,22,Home,A,1,368,North,368
105,2023-06-12,1499,Male,52,Beauty,B,3,155,East,465
106,2023-10-16,1164,Female,45,Home,C,4,459,North,1836
107,2023-09-18,1181,Male,46,Clothing,B,3,83,East,249
108,2023-08-19,1468,Female,26,Sports,B,2,472,North,944
109,2023-02-10,1909,Female,55,Clothing,B,2,487,South,974
110,2023-01-28,1734,Female,23,Home,A,1,117,South,117
111,2023-05-15,1822,Female,36,Home,B,4,131,North,524
112,2023-07-20,1943,Male,28,Clothing,C,2,26,West,52
113,2023-11-24,1977,Male,19,Electronics,A,2,205,South,410
114,2023-09-25,1006,Male,26,Electronics,C,4,336,East,1344
115,2023-02-02,1329,Male,38,Electronics,C,3,327,North,981
116,2023-02-17,1774,Male,41,Home,A,4,306,East,1224
117,2023-03-03,1672,Male,51,Beauty,C,3,488,West,1464
118,2023-08-04,1150,Male,39,Home,C,2,261,North,522
119,2023-10-20,1084,Female,20,Beauty,A,2,496,South,992
120,2023-04-09,1146,Male,29,Clothing,C,2,128,East,256
121,2023-06-21,1623,Male,45,Sports,B,1,171,South,171
122,2023-12-26,1380,Female,47,Beauty,C,1,207,South,207
123,2023-08-02,1914,Male,43,Electronics,B,1,495,North,495
124,2023-02-04,1547,Male,38,Home,C,4,54,East,216
125,2023-08-15,1284,Female,45,Clothing,A,2,323,West,646
126,2023-04-11,1699,Male,43,Electronics,A,2,188,South,376
127,2023-05-11,1081,Male,50,Clothing,C,4,391,North,1564
128,2023-09-14,1513,Male,38,Sports,A,1,427,North,427
129,2023-01-05,1896,Female,52,Home,C,4,53,West,212
130,2023-08-06,1814,Male,51,Home,A,1,280,North,280
131,2023-09-12,1708,Male,58,Sports,B,2,87,South,174
132,2023-12-25,1915,Female,35,Home,C,3,335,North,1005
133,2023-10-10,1522,Male,28,Beauty,B,1,187,East,187
134,2023-07-26,1745,Female,40,Clothing,B,2,366,East,732
135,2023-01-15,1385,Female,39,Electronics,C,2,425,South,850
136,2023-12-12,1706,Male,34,Sports,B,3,460,East,1380
137,2023-02-11,1470,Female,22,Beauty,C,2,12,West,24
138,2023-06-28,1118,Female,28,Electronics,B,2,223,North,446
139,2023-03-04,1395,Male,47,Electronics,C,1,351,South,351
140,2023-12-18,1531,Female,32,Sports,C,1,83,West,83
141,2023-08-19,1260,Female,44,Beauty,A,3,60,North,180
142,2023-08-29,1804,Male,52,Electronics,C,3,76,West,228
143,2023-02-21,1933,Male,50,Electronics,C,2,341,South,682
144,2023-04-06,1255,Male,37,Beauty,B,1,102,South,102
145,2023-08-10,1733,Female,33,Home,C,3,185,West,555
146,2023-08-19,1904,Male,51,Electronics,A,3,154,North,462
147,2023-08-25,1225,Female,19,Clothing,B,4,16,East,64
148,2023-05-23,1052,Female,52,Beauty,B,3,278,East,834
149,2023-06-20,1939,Female,57,Electronics,A,2,385,West,770
150,2023-01-29,1866,Female,45,Sports,B,1,331,South,331
151,2023-02-05,1499,Female,56,Clothing,B,3,13,North,39
152,2023-01-13,1505,Female,23,Electronics,B,4,147,North,588
153,2023-06-09,1853,Female,26,Clothing,B,1,240,South,240
154,2023-11-23,1363,Male,37,Clothing,A,3,97,East,291
155,2023-07-06,1279,Male,18,Home,A,4,26,North,104
156,2023-08-31,1592,Female,25,Clothing,B,3,61,West,183
157,2023-03-27,1713,Female,40,Home,B,1,143,East,143
158,2023-10-11,1157,Male,20,Beauty,A,1,220,West,220
159,2023-03-07,1631,Female,21,Home,A,1,334,East,334
160,2023-06-19,1058,Male,42,Sports,A,2,489,South,978
161,2023-02-14,1726,Male,55,Electronics,B,3,467,West,1401
162,2023-03-03,1127,Male,32,Beauty,B,2,402,West,804
163,2023-05-14,1735,Female,38,Beauty,C,1,228,South,228
164,2023-10-11,1720,Female,52,Sports,A,4,214,West,856
165,2023-01-28,1881,Male,31,Home,B,3,220,East,660
166,2023-04-18,1114,Male,53,Electronics,A,2,286,North,572
167,2023-02-13,1208,Male,29,Home,B,3,33,North,99
168,2023-12-06,1525,Male,34,Clothing,A,4,495,South,1980
169,2023-10-13,1520,Male,56,Home,B,2,13,East,26
170,2023-11-27,1551,Female,26,Beauty,C,1,161,West,161
171,2023-05-08,1961,Male,52,Electronics,C,2,452,West,904
172,2023-12-14,1236,Female,30,Home,A,3,492,North,1476
173,2023-08-19,1280,Male,32,Electronics,B,3,268,West,804
174,2023-07-09,1358,Female,35,Electronics,B,3,333,North,999
175,2023-08-13,1200,Female,50,Clothing,A,3,366,South,1098
176,2023-10-10,1757,Female,23,Clothing,B,1,177,West,177
177,2023-05-01,1277,Female,44,Beauty,A,2,185,East,370
178,2023-04-26,1234,Female,40,Sports,B,1,319,West,319
179,2023-08-21,1493,Female,44,Electronics,A,1,300,North,300
180,2023-09-16,1003,Male,51,Sports,B,1,488,South,488
181,2023-12-25,1665,Female,55,Beauty,A,3,65,North,195
182,2023-07-17,1441,Male,31,Electronics,B,3,117,West,351
183,2023-05-17,1028,Female,53,Electronics,C,3,482,North,1446
184,2023-11-14,1108,Female,25,Sports,B,2,305,North,610
185,2023-06-14,1609,Male,52,Home,A,4,470,South,1880
186,2023-08-13,1726,Female,36,Clothing,C,3,333,East,999
187,2023-11-03,1804,Male,47,Home,B,2,311,West,622
188,2023-08-22,1074,Male,31,Sports,C,3,343,South,1029
189,2023-06-21,1837,Male,37,Clothing,B,3,150,East,450
190,2023-06-01,1145,Male,42,Home,C,1,164,North,164
191,2023-11-11,1127,Female,57,Clothing,A,1,271,East,271
192,2023-06-09,1852,Female,41,Electronics,B,1,282,North,282
193,2023-04-06,1041,Male,31,Home,B,2,429,North,858
194,2023-08-21,1355,Female,43,Clothing,A,4,241,South,964
195,2023-06-29,1040,Female,55,Clothing,C,4,250,North,1000
196,2023-04-23,1933,Male,40,Clothing,A,2,364,South,728
197,2023-11-14,1033,Female,39,Home,A,3,346,East,1038
198,2023-02-21,1016,Male,36,Beauty,C,2,498,East,996
199,2023-09-25,1676,Male,20,Home,A,3,267,North,801
200,2023-10-22,1152,Female,59,Sports,B,2,258,South,516
201,2023-04-23,1997,Female,36,Home,B,2,86,North,172
202,2023-04-11,1377,Female,26,Clothing,B,2,189,South,378
203,2023-04-23,1587,Male,45,Electronics,A,4,75,South,300
204,2023-03-22,1598,Male,37,Home,B,1,317,South,317
205,2023-07-06,1628,Female,24,Home,B,2,357,East,714
206,2023-04-23,1873,Female,31,Clothing,B,4,180,South,720
207,2023-01-02,1341,Female,26,Electronics,B,1,483,East,483
208,2023-05-10,1980,Female,36,Electronics,B,1,31,South,31
209,2023-08-08,1026,Male,31,Sports,B,2,376,East,752
210,2023-02-23,1824,Female,55,Home,A,3,116,West,348
211,2023-12-09,1286,Male,53,Electronics,B,3,448,East,1344
212,2023-08-12,1645,Male,57,Electronics,B,3,332,East,996
213,2023-08-13,1730,Female,34,Beauty,C,2,236,North,472
214,2023-05-06,1167,Female,47,Beauty,A,3,453,South,1359
215,2023-05-10,1609,Female,26,Electronics,A,4,451,West,1804
216,2023-02-22,1267,Male,50,Sports,A,4,405,North,1620
217,2023-06-21,1748,Female,42,Electronics,A,4,225,South,900
218,2023-08-06,1820,Female,31,Clothing,B,4,78,West,312
219,2023-06-09,1454,Male,28,Home,B,1,93,West,93
220,2023-07-17,1905,Female,52,Sports,C,4,112,West,448
221,2023-09-04,1684,Male,58,Clothing,C,3,48,South,144
222,2023-11-20,1400,Female,31,Sports,A,2,22,West,44
223,2023-07-22,1921,Male,47,Clothing,C,3,306,West,918
224,2023-07-03,1980,Female,58,Home,C,4,322,North,1288
225,2023-05-03,1475,Female,21,Home,A,1,190,East,190
226,2023-09-12,1701,Male,21,Beauty,A,4,277,South,1108
227,2023-10-21,1633,Male,45,Clothing,C,2,22,East,44
228,2023-10-07,1557,Female,25,Beauty,B,3,129,North,387
229,2023-11-21,1575,Male,19,Clothing,C,2,467,East,934
230,2023-04-08,1129,Male,58,Beauty,C,2,362,West,724
231,2023-07-17,1821,Male,39,Home,B,2,66,West,132
232,2023-08-28,1362,Male,58,Sports,B,3,49,South,147
233,2023-05-24,1704,Female,33,Beauty,A,4,383,South,1532
234,2023-04-07,1818,Female,46,Clothing,A,2,345,South,690
235,2023-07-20,1692,Male,47,Clothing,C,3,137,North,411
236,2023-05-04,1291,Male,29,Home,B,1,182,South,182
237,2023-07-06,1370,Male,52,Clothing,A,3,44,North,132
238,2023-11-22,1793,Male,28,Electronics,C,1,268,West,268
239,2023-12-15,1028,Female,38,Sports,B,3,385,East,1155
240,2023-09-16,1148,Female,38,Beauty,C,4,14,West,56
241,2023-05-28,1778,Male,22,Sports,A,2,227,West,454
242,2023-09-09,1295,Male,37,Home,A,4,20,West,80
243,2023-12-12,1010,Male,54,Beauty,B,3,391,South,1173
244,2023-05-27,1511,Female,20,Beauty,C,2,336,South,672
245,2023-05-28,1675,Male,50,Electronics,B,1,126,South,126
246,2023-12-18,1112,Female,26,Home,A,3,193,East,579
247,2023-07-18,1186,Male,26,Clothing,A,2,403,South,806
248,2023-11-04,1806,Female,21,Electronics,C,1,371,North,371
249,2023-05-08,1743,Male,52,Electronics,C,1,125,West,125
250,2023-02-08,1226,Female,34,Sports,C,4,171,East,684
251,2023-12-04,1309,Male,51,Sports,B,3,76,East,228
252,2023-12-26,1097,Male,41,Sports,C,1,209,East,209
253,2023-05-09,1054,Male,49,Electronics,C,2,40,East,80
254,2023-09-24,1622,Female,18,Clothing,A,1,84,East,84
255,2023-05-31,1663,Male,25,Beauty,A,1,246,North,246
256,2023-10-25,1757,Female,40,Sports,C,4,336,West,1344
257,2023-04-09,1405,Female,57,Clothing,C,4,75,East,300
258,2023-09-20,1068,Male,29,Home,A,2,79,West,158
259,2023-09-09,1311,Male,29,Sports,C,4,306,South,1224
260,2023-05-24,1288,Male,32,Beauty,B,1,456,East,456
261,2023-12-12,1761,Female,58,Home,B,1,425,East,425
262,2023-04-22,1547,Male,36,Home,B,4,29,West,116
263,2023-03-01,1750,Female,43,Beauty,C,1,450,East,450
264,2023-01-02,1147,Female,46,Sports,A,1,235,East,235
265,2023-10-31,1466,Male,39,Electronics,C,2,443,East,886
266,2023-09-11,1738,Male,57,Beauty,C,4,473,North,1892
267,2023-05-20,1243,Male,38,Beauty,A,1,418,North,418
268,2023-02-06,1490,Male,55,Beauty,A,4,405,East,1620
269,2023-06-09,1848,Male,37,Home,A,2,208,North,416
270,2023-01-09,1957,Male,46,Clothing,B,4,48,South,192
271,2023-08-21,1506,Female,21,Electronics,C,1,154,East,154
272,2023-04-09,1364,Female,24,Sports,A,4,54,South,216
273,2023-05-27,1481,Female,45,Sports,C,1,404,West,404
274,2023-10-31,1200,Male,45,Clothing,B,1,335,South,335
275,2023-07-27,1153,Female,21,Beauty,B,1,390,West,390
276,2023-05-11,1449,Female,39,Electronics,A,2,416,East,832
277,2023-06-01,1500,Female,29,Sports,A,4,100,West,400
278,2023-02-23,1072,Female,20,Sports,C,2,247,West,494
279,2023-04-30,1712,Female,39,Beauty,A,4,79,South,316
280,2023-06-10,1295,Male,19,Clothing,C,2,175,South,350
281,2023-04-26,1016,Male,41,Electronics,A,3,139,South,417
282,2023-03-16,1640,Female,51,Clothing,C,1,223,East,223
283,2023-04-23,1216,Female,44,Clothing,C,1,349,East,349
284,2023-04-14,1060,Female,58,Electronics,C,2,98,South,196
285,2023-12-06,1938,Male,18,Electronics,C,3,344,East,1032
286,2023-09-11,1615,Male,25,Sports,B,1,261,East,261
287,2023-08-15,1041,Female,40,Sports,C,4,378,West,1512
288,2023-04-22,1024,Male,55,Electronics,A,2,358,West,716
289,2023-04-09,1038,Male,23,Home,B,1,81,South,81
290,2023-06-02,1802,Female,39,Sports,B,1,174,East,174
291,2023-12-15,1130,Male,42,Home,C,2,58,West,116
292,2023-12-04,1497,Male,35,Electronics,B,2,61,North,122
293,2023-07-13,1228,Female,34,Sports,C,4,298,East,1192
294,2023-11-06,1107,Male,29,Clothing,A,4,287,North,1148
295,2023-06-12,1171,Male,23,Electronics,C,1,123,South,123
296,2023-07-27,1434,Female,43,Beauty,B,1,248,East,248
297,2023-06-18,1477,Male,44,Home,A,2,142,South,284
298,2023-06-10,1101,Male,25,Electronics,C,1,496,South,496
299,2023-03-09,1865,Female,36,Electronics,A,1,283,South,283
300,2023-10-16,1523,Female,59,Sports,A,2,175,South,350
301,2023-10-04,1274,Female,18,Sports,B,1,383,South,383
302,2023-10-31,1612,Male,46,Sports,A,1,382,East,382
303,2023-05-15,1043,Female,52,Beauty,B,3,302,North,906
304,2023-07-14,1954,Male,57,Sports,A,4,487,East,1948
305,2023-05-08,1816,Female,31,Electronics,C,2,252,East,504
306,2023-02-02,1956,Male,52,Sports,A,3,488,East,1464
307,2023-06-25,1016,Female,37,Clothing,C,4,329,West,1316
308,2023-01-22,1329,Female,30,Sports,C,4,147,West,588
309,2023-08-26,1568,Female,55,Beauty,A,4,88,East,352
310,2023-06-07,1822,Female,25,Clothing,C,3,179,North,537
311,2023-02-07,1496,Male,37,Electronics,A,3,132,East,396
312,2023-08-18,1814,Female,50,Electronics,A,4,185,South,740
313,2023-12-31,1011,Female,43,Home,C,1,309,West,309
314,2023-02-20,1317,Male,56,Clothing,C,1,91,West,91
315,2023-09-21,1591,Female,38,Home,B,3,96,East,288
316,2023-10-10,1215,Male,59,Clothing,C,3,234,East,702
317,2023-01-27,1338,Female,58,Clothing,B,3,25,North,75
318,2023-08-14,1775,Female,26,Beauty,C,4,319,North,1276
319,2023-10-04,1990,Female,41,Home,A,1,367,South,367
320,2023-10-13,1660,Male,54,Beauty,C,3,172,East,516
321,2023-04-07,1080,Female,58,Clothing,A,3,107,East,321
322,2023-10-11,1726,Female,34,Electronics,A,2,165,East,330
323,2023-11-13,1484,Female,41,Clothing,A,4,11,West,44
324,2023-10-31,1373,Male,38,Beauty,B,2,359,South,718
325,2023-05-27,1975,Male,56,Home,C,1,406,North,406
326,2023-01-04,1709,Female,58,Home,A,2,178,West,356
327,2023-02-04,1199,Male,56,Beauty,A,2,473,West,946
328,2023-07-11,1536,Female,30,Home,B,2,324,West,648
329,2023-02-18,1465,Female,28,Sports,C,4,334,West,1336
330,2023-01-17,1088,Female,36,Electronics,C,1,384,South,384
331,2023-06-21,1267,Female,28,Electronics,B,2,101,East,202
332,2023-08-08,1654,Female,30,Electronics,B,4,190,North,760
333,2023-06-07,1570,Female,18,Home,C,1,240,North,240
334,2023-02-15,1921,Female,57,Home,B,3,310,West,930
335,2023-01-06,1488,Male,36,Clothing,C,2,157,West,314
336,2023-04-09,1876,Male,29,Clothing,C,1,289,South,289
337,2023-08-21,1537,Male,25,Electronics,A,2,198,West,396
338,2023-02-06,1046,Male,25,Sports,A,3,356,North,1068
339,2023-10-07,1287,Male,29,Clothing,C,1,359,North,359
340,2023-12-15,1777,Male,50,Clothing,C,4,323,East,1292
341,2023-10-29,1015,Male,43,Home,C,1,420,East,420
342,2023-06-30,1710,Female,56,Sports,C,4,419,North,1676
343,2023-04-05,1400,Female,45,Electronics,C,1,137,North,137
344,2023-04-09,1918,Female,22,Clothing,C,4,16,South,64
345,2023-07-07,1793,Female,25,Sports,B,3,435,South,1305
346,2023-04-26,1980,Male,42,Sports,C,3,56,North,168
347,2023-07-10,1085,Male,44,Electronics,B,3,62,West,186
348,2023-09-10,1249,Female,40,Sports,B,1,196,East,196
349,2023-06-10,1390,Female,47,Sports,C,3,47,North,141
350,2023-09-13,1781,Male,40,Sports,C,2,462,West,924
351,2023-11-19,1334,Female,37,Clothing,B,3,480,North,1440
352,2023-05-08,1628,Female,35,Electronics,B,4,485,East,1940
353,2023-01-18,1518,Female,35,Sports,C,4,235,East,940
354,2023-10-08,1136,Female,19,Sports,C,4,62,South,248
355,2023-08-11,1882,Male,21,Clothing,B,1,408,South,408
356,2023-02-23,1687,Female,47,Electronics,B,2,233,South,466
357,2023-02-27,1839,Female,50,Home,B,3,163,South,489
358,2023-11-19,1497,Male,53,Clothing,A,2,57,East,114
359,2023-12-26,1826,Male,35,Electronics,B,2,360,West,720
360,2023-06-23,1726,Female,54,Sports,A,4,156,West,624
361,2023-10-07,1476,Male,36,Electronics,C,4,402,West,1608
362,2023-04-24,1593,Female,45,Electronics,C,4,73,North,292
363,2023-10-15,1222,Female,57,Electronics,B,1,358,South,358
364,2023-12-08,1989,Male,37,Home,C,2,191,South,382
365,2023-05-31,1371,Female,50,Electronics,C,2,134,East,268
366,2023-05-07,1934,Female,29,Home,C,1,188,East,188
367,2023-06-04,1994,Female,32,Sports,C,1,48,North,48
368,2023-09-30,1401,Female,58,Home,A,1,269,North,269
369,2023-04-14,1442,Male,56,Sports,A,2,391,West,782
370,2023-10-26,1489,Male,19,Sports,B,2,12,East,24
371,2023-09-03,1614,Female,46,Home,B,4,73,South,292
372,2023-06-25,1272,Male,58,Clothing,B,4,38,West,152
373,2023-02-08,1525,Female,27,Beauty,C,2,381,South,762
374,2023-06-19,1158,Female,19,Electronics,C,4,20,West,80
375,2023-09-04,1151,Female,28,Beauty,A,1,106,South,106
376,2023-01-26,1994,Female,30,Electronics,A,3,367,North,1101
377,2023-12-21,1619,Female,27,Electronics,B,4,451,West,1804
378,2023-11-02,1187,Male,31,Sports,A,2,212,South,424
379,2023-01-13,1812,Female,35,Electronics,A,4,420,South,1680
380,2023-11-12,1097,Male,26,Electronics,A,4,490,East,1960
381,2023-11-09,1130,Male,56,Home,A,4,30,West,120
382,2023-02-05,1804,Female,45,Beauty,A,3,48,South,144
383,2023-06-22,1170,Female,20,Home,B,1,232,East,232
384,2023-01-20,1935,Female,37,Electronics,B,2,111,South,222
385,2023-11-17,1985,Female,23,Sports,A,3,55,West,165
386,2023-09-21,1182,Female,44,Home,B,2,75,North,150
387,2023-05-22,1982,Male,19,Home,C,2,100,West,200
388,2023-05-23,1363,Female,46,Clothing,A,2,173,West,346
389,2023-04-02,1038,Female,55,Electronics,C,3,468,South,1404
390,2023-12-20,1526,Male,20,Sports,B,1,120,South,120
391,2023-11-18,1887,Male,33,Home,B,2,347,West,694
392,2023-10-15,1496,Female,47,Home,C,1,132,East,132
393,2023-08-03,1515,Male,57,Sports,B,1,202,East,202
394,2023-12-08,1348,Female,19,Electronics,A,4,456,East,1824
395,2023-02-20,1981,Male,34,Clothing,C,3,108,South,324
396,2023-06-02,1920,Male,58,Home,A,3,300,South,900
397,2023-07-05,1396,Female,29,Clothing,C,4,168,West,672
398,2023-03-04,1721,Male,52,Beauty,B,4,421,North,1684
399,2023-07-09,1160,Male,18,Electronics,C,1,112,South,112
400,2023-05-05,1015,Male,32,Beauty,C,2,394,West,788
401,2023-05-30,1492,Male,43,Beauty,A,3,290,West,870
402,2023-11-10,1425,Male,54,Beauty,B,2,52,North,104
403,2023-02-27,1107,Male,38,Electronics,A,2,495,East,990
404,2023-12-08,1893,Female,48,Electronics,B,4,93,West,372
405,2023-11-01,1449,Female,42,Sports,A,2,460,West,920
406,2023-06-29,1310,Male,40,Clothing,C,1,200,West,200
407,2023-06-19,1738,Female,41,Clothing,A,4,60,East,240
408,2023-11-22,1169,Female,55,Sports,B,2,395,East,790
409,2023-09-28,1545,Female,45,Sports,B,4,219,North,876
410,2023-02-23,1413,Male,38,Beauty,C,1,135,South,135
411,2023-04-11,1250,Female,35,Sports,B,1,457,East,457
412,2023-09-21,1758,Male,53,Home,A,2,467,South,934
413,2023-02-22,1780,Female,52,Clothing,C,4,78,South,312
414,2023-03-01,1140,Male,26,Sports,B,2,274,East,548
415,2023-04-18,1273,Male,55,Home,B,2,267,West,534
416,2023-01-05,1415,Female,47,Home,A,4,427,North,1708
417,2023-04-13,1607,Female,51,Home,A,2,197,South,394
418,2023-07-15,1738,Male,49,Home,C,1,239,West,239
419,2023-09-19,1890,Female,20,Beauty,B,4,198,East,792
420,2023-12-31,1038,Female,20,Home,A,4,424,South,1696
421,2023-12-16,1813,Female,45,Beauty,C,4,19,South,76
422,2023-02-16,1028,Male,32,Beauty,B,4,123,South,492
423,2023-12-21,1957,Male,58,Home,B,2,85,West,170
424,2023-11-07,1476,Female,40,Clothing,C,2,173,West,346
425,2023-11-04,1317,Female,57,Home,C,1,94,West,94
426,2023-05-24,1244,Female,28,Home,A,3,58,South,174
427,2023-09-26,1747,Male,49,Home,B,3,335,South,1005
428,2023-05-04,1696,Male,53,Clothing,B,1,186,North,186
429,2023-04-16,1271,Female,50,Electronics,B,3,396,North,1188
430,2023-06-07,1439,Female,41,Electronics,C,1,467,West,467
431,2023-05-27,1747,Female,56,Beauty,A,2,398,West,796
432,2023-05-25,1238,Female,51,Beauty,B,4,227,East,908
433,2023-04-30,1376,Female,45,Clothing,C,4,198,West,792
434,2023-11-15,1265,Female,54,Sports,B,2,478,North,956
435,2023-10-02,1925,Male,24,Electronics,A,4,355,North,1420
436,2023-04-02,1920,Female,21,Beauty,B,4,239,North,956
437,2023-02-27,1358,Male,54,Electronics,A,3,264,South,792
438,2023-12-12,1339,Female,18,Clothing,A,2,245,South,490
439,2023-08-17,1388,Female,18,Clothing,B,3,35,West,105
440,2023-04-27,1576,Male,37,Sports,B,3,81,East,243
441,2023-11-14,1989,Male,36,Sports,A,4,270,East,1080
442,2023-10-06,1688,Male,46,Clothing,C,4,263,East,1052
443,2023-05-07,1002,Male,27,Beauty,A,2,280,South,560
444,2023-05-09,1428,Female,35,Electronics,B,4,132,North,528
445,2023-02-27,1141,Male,45,Home,B,4,153,North,612
446,2023-05-02,1375,Female,52,Sports,C,2,266,South,532
447,2023-01-01,1669,Male,48,Home,A,4,153,East,612
448,2023-08-27,1323,Female,44,Beauty,A,3,430,East,1290
449,2023-10-17,1145,Female,28,Sports,A,2,268,West,536
450,2023-04-06,1957,Female,55,Home,B,4,445,West,1780
451,2023-05-06,1292,Female,22,Beauty,A,1,56,East,56
452,2023-04-28,1664,Female,25,Electronics,C,2,360,South,720
453,2023-02-17,1431,Female,51,Beauty,B,2,22,East,44
454,2023-03-30,1704,Male,29,Sports,B,1,385,West,385
455,2023-08-25,1948,Female,55,Clothing,A,4,217,East,868
456,2023-09-29,1974,Male,18,Electronics,C,4,320,South,1280
457,2023-07-08,1584,Male,48,Home,B,2,244,North,488
458,2023-07-11,1398,Female,21,Sports,B,2,158,South,316
459,2023-03-10,1816,Male,22,Clothing,A,4,331,South,1324
460,2023-10-05,1888,Female,47,Beauty,A,4,447,West,1788
461,2023-12-15,1343,Male,41,Clothing,C,3,164,South,492
462,2023-09-04,1963,Female,20,Sports,A,2,175,South,350
463,2023-03-17,1139,Male,28,Sports,C,2,99,West,198
464,2023-06-03,1186,Female,21,Clothing,B,1,195,West,195
465,2023-05-24,1804,Female,43,Beauty,C,3,327,North,981
466,2023-03-27,1060,Female,44,Clothing,C,4,367,East,1468
467,2023-07-04,1996,Female,44,Sports,C,3,183,South,549
468,2023-10-12,1938,Male,59,Sports,B,4,226,West,904
469,2023-08-08,1379,Female,23,Home,A,4,404,North,1616
470,2023-03-10,1709,Male,32,Home,B,3,465,East,1395
471,2023-02-16,1806,Male,47,Electronics,A,2,273,West,546
472,2023-04-04,1439,Male,59,Sports,C,4,106,East,424
473,2023-08-26,1318,Female,54,Home,C,3,126,East,378
474,2023-07-23,1301,Male,54,Clothing,C,1,208,South,208
475,2023-08-06,1343,Male,59,Beauty,C,3,329,South,987
476,2023-12-07,1010,Male,54,Clothing,C,1,495,West,495
477,2023-02-08,1061,Female,52,Beauty,A,4,30,East,120
478,2023-04-10,1844,Female,40,Home,A,3,209,West,627
479,2023-10-16,1225,Male,23,Electronics,C,3,380,West,1140
480,2023-09-11,1152,Female,21,Clothing,B,1,456,East,456
481,2023-08-10,1710,Female,35,Clothing,B,3,350,West,1050
482,2023-12-23,1563,Male,26,Clothing,C,3,457,East,1371
483,2023-01-23,1771,Male,46,Beauty,A,4,257,East,1028
484,2023-09-07,1570,Female,30,Home,B,3,285,East,855
485,2023-01-10,1583,Male,34,Clothing,B,2,273,East,546
486,2023-09-03,1659,Female,49,Clothing,B,1,67,North,67
487,2023-11-21,1860,Female,39,Electronics,C,3,311,East,933
488,2023-04-10,1574,Female,21,Electronics,B,1,40,South,40
489,2023-10-17,1309,Female,22,Home,B,1,258,South,258
490,2023-06-29,1884,Female,54,Home,B,1,102,South,102
491,2023-08-11,1242,Female,58,Sports,B,3,274,East,822
492,2023-09-07,1492,Male,30,Electronics,A,3,280,South,840
493,2023-05-27,1365,Male,51,Sports,C,1,103,North,103
494,2023-04-06,1329,Female,39,Beauty,C,2,163,West,326
495,2023-09-14,1106,Female,40,Sports,A,1,403,East,403
496,2023-11-21,1225,Female,20,Clothing,A,2,294,South,588
497,2023-01-04,1824,Male,59,Sports,C,1,89,North,89
498,2023-01-16,1217,Female,51,Home,B,4,301,West,1204
499,2023-10-07,1936,Male,49,Beauty,B,1,93,North,93
500,2023-12-02,1752,Female,38,Clothing,C,1,374,South,374
501,2023-09-04,1505,Female,38,Sports,B,3,383,North,1149
502,2023-09-15,1258,Male,28,Beauty,A,2,46,West,92
503,2023-06-09,1887,Male,56,Beauty,B,4,351,South,1404
504,2023-12-06,1773,Female,21,Clothing,B,2,336,West,672
505,2023-06-01,1516,Female,18,Sports,B,4,416,North,1664
506,2023-06-27,1772,Female,45,Beauty,C,1,434,East,434
507,2023-06-12,1053,Male,41,Beauty,A,3,241,East,723
508,2023-02-02,1046,Male,52,Electronics,B,3,102,East,306
509,2023-06-28,1726,Male,30,Beauty,C,2,345,East,690
510,2023-04-11,1688,Male,51,Electronics,B,3,111,West,333
511,2023-09-25,1520,Male,28,Sports,A,2,421,East,842
512,2023-11-19,1098,Male,53,Sports,B,2,441,West,882
513,2023-03-06,1019,Female,34,Sports,A,4,175,South,700
514,2023-06-17,1889,Female,52,Home,B,2,168,East,336
515,2023-11-26,1752,Male,35,Sports,A,4,23,West,92
516,2023-02-12,1572,Female,57,Beauty,B,3,382,East,1146
517,2023-02-13,1890,Female,39,Clothing,A,2,234,East,468
518,2023-10-12,1489,Male,41,Electronics,B,2,82,East,164
519,2023-01-12,1418,Female,36,Home,B,1,258,West,258
520,2023-04-05,1689,Male,54,Sports,C,2,100,North,200
521,2023-10-29,1849,Male,56,Sports,C,2,225,East,450
522,2023-09-10,1061,Female,38,Clothing,A,1,470,East,470
523,2023-08-30,1144,Male,25,Clothing,B,1,99,South,99
524,2023-02-04,1215,Male,45,Home,A,3,38,North,114
525,2023-08-03,1002,Male,22,Electronics,C,2,444,West,888
526,2023-12-03,1159,Male,34,Sports,A,3,314,South,942
527,2023-03-31,1738,Male,54,Home,A,3,436,East,1308
528,2023-09-21,1997,Male,53,Beauty,C,1,485,South,485
529,2023-04-03,1780,Male,36,Beauty,B,4,229,South,916
530,2023-03-31,1119,Male,44,Home,A,3,337,East,1011
531,2023-04-25,1892,Female,51,Sports,C,4,224,North,896
532,2023-04-15,1088,Female,28,Home,B,2,230,North,460
533,2023-07-15,1328,Female,29,Sports,C,1,398,South,398
534,2023-11-10,1579,Male,38,Clothing,A,2,51,East,102
535,2023-04-24,1909,Male,28,Home,B,2,144,West,288
536,2023-03-16,1356,Female,56,Sports,B,1,51,South,51
537,2023-08-05,1609,Female,45,Home,C,2,173,West,346
538,2023-10-04,1266,Female,22,Home,C,1,370,South,370
539,2023-09-06,1616,Male,34,Sports,C,4,292,South,1168
540,2023-06-13,1951,Female,37,Sports,B,2,67,East,134
541,2023-12-23,1322,Female,58,Electronics,B,1,311,East,311
542,2023-07-11,1634,Male,29,Home,A,3,331,West,993
543,2023-08-15,1987,Female,23,Beauty,B,2,34,West,68
544,2023-06-26,1540,Male,34,Home,A,4,82,North,328
545,2023-04-09,1648,Male,36,Home,C,1,382,East,382
546,2023-02-05,1194,Male,43,Sports,C,2,420,South,840
547,2023-04-06,1920,Female,49,Home,B,2,138,South,276
548,2023-06-01,1737,Female,23,Home,C,2,96,North,192
549,2023-05-31,1331,Male,53,Beauty,C,4,339,East,1356
550,2023-07-09,1169,Female,55,Sports,B,1,435,South,435
551,2023-08-12,1520,Female,28,Home,A,3,445,North,1335
552,2023-02-06,1462,Female,50,Clothing,B,3,162,North,486
553,2023-09-25,1039,Female,41,Electronics,A,3,191,South,573
554,2023-07-02,1536,Male,40,Beauty,B,1,134,South,134
555,2023-01-13,1260,Female,32,Home,B,3,76,West,228
556,2023-10-06,1394,Male,44,Clothing,C,4,15,East,60
557,2023-08-05,1954,Male,28,Home,B,1,134,West,134
558,2023-12-21,1225,Female,34,Home,B,2,323,North,646
559,2023-12-27,1983,Male,31,Sports,A,4,335,South,1340
560,2023-10-13,1123,Female,44,Sports,C,2,62,West,124
561,2023-09-30,1974,Female,35,Sports,A,3,75,North,225
562,2023-03-03,1037,Male,45,Clothing,A,4,323,East,1292
563,2023-03-25,1327,Male,21,Home,C,1,91,South,91
564,2023-08-05,1250,Male,24,Electronics,C,4,96,West,384
565,2023-12-08,1900,Male,52,Beauty,C,2,11,East,22
566,2023-07-06,1175,Female,26,Sports,B,1,213,West,213
567,2023-01-19,1601,Female,25,Sports,C,4,159,North,636
568,2023-06-26,1913,Female,34,Home,C,4,302,East,1208
569,2023-04-10,1453,Male,34,Home,C,4,413,West,1652
570,2023-08-21,1036,Male,50,Clothing,A,4,112,East,448
571,2023-03-17,1315,Male,49,Clothing,A,1,33,North,33
572,2023-09-22,1687,Female,25,Sports,B,2,377,East,754
573,2023-10-11,1972,Male,36,Home,A,4,221,West,884
574,2023-07-25,1795,Female,55,Electronics,B,1,74,North,74
575,2023-08-11,1964,Male,20,Beauty,A,2,458,South,916
576,2023-02-21,1972,Female,22,Home,C,4,218,West,872
577,2023-12-05,1592,Female,30,Home,A,2,260,West,520
578,2023-05-24,1113,Male,48,Clothing,B,2,394,North,788
579,2023-03-10,1039,Male,33,Beauty,A,1,126,North,126
580,2023-04-09,1300,Female,49,Sports,C,2,125,South,250
581,2023-01-25,1223,Female,39,Home,B,1,246,West,246
582,2023-02-22,1317,Male,46,Sports,C,4,487,North,1948
583,2023-05-31,1348,Male,39,Home,C,2,114,South,228
584,2023-05-24,1114,Female,20,Sports,B,2,268,South,536
585,2023-02-26,1697,Male,27,Beauty,C,3,55,North,165
586,2023-02-08,1322,Female,59,Clothing,C,4,320,West,1280
587,2023-04-19,1567,Female,38,Beauty,A,4,340,East,1360
588,2023-06-30,1039,Male,33,Electronics,C,3,225,East,675
589,2023-02-11,1865,Male,29,Clothing,C,3,479,South,1437
590,2023-07-05,1039,Male,19,Beauty,C,1,457,East,457
591,2023-08-11,1858,Male,58,Electronics,C,1,310,East,310
592,2023-05-02,1972,Male,41,Home,B,2,419,North,838
593,2023-05-13,1748,Female,52,Home,A,2,342,South,684
594,2023-06-12,1288,Female,47,Sports,C,2,458,West,916
595,2023-08-03,1261,Male,47,Clothing,C,2,33,South,66
596,2023-08-09,1215,Male,52,Home,B,1,467,North,467
597,2023-08-23,1146,Male,36,Clothing,C,4,44,East,176
598,2023-11-27,1335,Female,25,Home,B,2,33,West,66
599,2023-05-26,1167,Male,43,Sports,A,4,37,South,148
600,2023-08-27,1091,Male,57,Beauty,A,2,493,East,986
601,2023-03-17,1352,Female,24,Sports,C,3,473,South,1419
602,2023-01-09,1570,Female,47,Electronics,C,2,497,West,994
603,2023-03-15,1570,Male,24,Home,C,2,25,South,50
604,2023-09-10,1815,Male,20,Electronics,B,2,68,South,136
605,2023-08-18,1680,Male,18,Electronics,C,1,474,South,474
606,2023-01-07,1780,Female,53,Clothing,C,3,252,East,756
607,2023-06-23,1362,Male,42,Home,A,2,447,West,894
608,2023-05-21,1556,Male,54,Electronics,C,2,216,West,432
609,2023-06-17,1344,Male,18,Beauty,A,4,409,East,1636
610,2023-06-19,1692,Female,32,Electronics,C,3,280,East,840
611,2023-10-10,1169,Female,54,Beauty,A,2,258,East,516
612,2023-05-02,1355,Male,30,Clothing,C,4,491,North,1964
613,2023-07-13,1190,Male,57,Electronics,A,4,276,South,1104
614,2023-01-05,1666,Female,25,Sports,B,1,202,South,202
615,2023-01-29,1421,Female,22,Clothing,A,4,344,West,1376
616,2023-06-14,1699,Female,26,Beauty,A,2,227,South,454
617,2023-12-05,1006,Female,18,Clothing,A,1,124,North,124
618,2023-05-16,1132,Female,53,Electronics,C,1,77,East,77
619,2023-12-31,1746,Female,52,Home,C,2,308,West,616
620,2023-11-17,1556,Female,19,Home,C,3,334,West,1002
621,2023-12-08,1825,Female,57,Beauty,B,4,492,South,1968
622,2023-05-25,1760,Female,40,Beauty,B,1,406,West,406
623,2023-11-23,1030,Male,26,Home,A,3,403,East,1209
624,2023-08-05,1534,Male,51,Beauty,B,2,84,West,168
625,2023-10-28,1425,Male,31,Clothing,A,4,475,East,1900
626,2023-05-12,1393,Female,21,Sports,A,4,491,North,1964
627,2023-10-19,1671,Male,47,Sports,A,1,112,North,112
628,2023-03-11,1362,Female,48,Clothing,B,4,306,East,1224
629,2023-09-09,1436,Female,55,Sports,C,4,499,South,1996
630,2023-10-02,1669,Male,28,Electronics,B,4,187,West,748
631,2023-12-30,1550,Female,52,Clothing,A,4,224,South,896
632,2023-07-01,1926,Male,25,Beauty,A,2,464,West,928
633,2023-06-16,1081,Male,20,Clothing,B,3,324,North,972
634,2023-04-01,1355,Male,31,Home,A,2,48,North,96
635,2023-07-21,1257,Female,30,Beauty,A,2,268,North,536
636,2023-12-12,1717,Male,49,Home,B,1,213,West,213
637,2023-01-19,1588,Female,51,Beauty,B,4,16,North,64
638,2023-02-08,1988,Male,36,Sports,B,2,58,North,116
639,2023-05-06,1523,Male,55,Clothing,A,4,35,North,140
640,2023-06-22,1294,Male,33,Electronics,A,2,170,North,340
641,2023-05-21,1961,Female,19,Beauty,C,2,366,South,732
642,2023-08-30,1223,Female,57,Beauty,C,1,185,North,185
643,2023-08-08,1524,Female,34,Home,B,3,88,North,264
644,2023-05-06,1045,Male,51,Sports,C,3,11,South,33
645,2023-02-27,1666,Male,59,Home,A,2,498,South,996
646,2023-05-28,1112,Female,33,Home,C,1,392,West,392
647,2023-11-13,1232,Female,55,Sports,A,4,464,East,1856
648,2023-12-27,1016,Female,19,Electronics,B,4,425,North,1700
649,2023-01-01,1359,Female,19,Home,B,2,141,North,282
650,2023-12-14,1222,Female,43,Home,A,3,285,North,855
651,2023-07-09,1865,Female,30,Beauty,C,1,126,West,126
652,2023-07-10,1699,Male,48,Sports,B,3,173,North,519
653,2023-11-08,1447,Female,51,Clothing,B,4,297,East,1188
654,2023-04-27,1855,Male,56,Electronics,C,3,37,South,111
655,2023-05-14,1364,Male,20,Electronics,C,4,342,West,1368
656,2023-02-27,1674,Female,25,Sports,A,1,10,South,10
657,2023-02-13,1325,Female,40,Beauty,C,1,197,North,197
658,2023-06-22,1466,Male,31,Beauty,C,2,65,North,130
659,2023-06-09,1413,Female,44,Sports,C,2,44,North,88
660,2023-06-22,1454,Female,46,Beauty,A,3,121,East,363
661,2023-11-13,1585,Male,56,Electronics,A,1,295,East,295
662,2023-10-30,1232,Male,56,Electronics,B,1,319,West,319
663,2023-05-29,1223,Male,18,Clothing,A,2,45,South,90
664,2023-03-21,1993,Female,34,Sports,B,4,448,North,1792
665,2023-08-01,1830,Male,58,Home,C,3,226,North,678
666,2023-07-22,1411,Female,47,Home,B,3,89,North,267
667,2023-09-09,1571,Male,30,Clothing,B,2,323,North,646
668,2023-08-17,1334,Male,38,Clothing,C,1,92,East,92
669,2023-06-13,1221,Male,36,Beauty,B,2,74,South,148
670,2023-08-15,1036,Female,36,Clothing,A,2,334,South,668
671,2023-05-27,1988,Female,42,Clothing,A,2,137,West,274
672,2023-01-20,1277,Male,39,Home,A,2,316,East,632
673,2023-02-16,1195,Male,48,Beauty,A,4,31,North,124
674,2023-08-21,1915,Male,34,Clothing,B,4,225,South,900
675,2023-11-01,1863,Female,40,Clothing,B,1,116,South,116
676,2023-01-14,1483,Male,49,Beauty,C,2,118,East,236
677,2023-05-23,1241,Female,27,Sports,B,4,381,West,1524
678,2023-01-01,1323,Male,27,Beauty,B,1,366,West,366
679,2023-02-23,1730,Male,53,Home,B,2,190,North,380
680,2023-09-16,1191,Male,25,Sports,C,3,365,West,1095
681,2023-05-24,1016,Male,37,Electronics,A,4,173,South,692
682,2023-01-12,1523,Male,49,Beauty,B,1,77,West,77
683,2023-11-26,1917,Male,31,Home,C,3,301,North,903
684,2023-08-12,1400,Female,45,Sports,C,2,189,South,378
685,2023-09-29,1905,Male,41,Beauty,C,2,190,West,380
686,2023-12-24,1885,Female,32,Clothing,A,2,475,West,950
687,2023-06-05,1704,Male,39,Beauty,B,4,443,East,1772
688,2023-01-08,1021,Male,47,Electronics,C,1,473,North,473
689,2023-05-02,1473,Female,21,Beauty,A,3,178,West,534
690,2023-12-14,1119,Male,30,Sports,C,1,411,East,411
691,2023-06-13,1209,Female,40,Sports,C,4,31,South,124
692,2023-03-31,1305,Female,25,Beauty,C,1,75,East,75
693,2023-05-16,1269,Male,35,Sports,C,4,30,East,120
694,2023-07-05,1703,Female,29,Clothing,C,2,109,West,218
695,2023-11-12,1686,Female,48,Beauty,A,3,393,West,1179
696,2023-06-27,1284,Male,31,Clothing,B,2,309,West,618
697,2023-01-28,1715,Female,51,Clothing,B,1,112,East,112
698,2023-08-08,1675,Male,35,Home,B,2,56,South,112
699,2023-12-23,1762,Male,51,Beauty,B,3,48,North,144
700,2023-02-10,1226,Male,28,Sports,A,2,294,East,588
701,2023-08-16,1947,Male,58,Clothing,A,3,319,West,957
702,2023-07-11,1380,Female,29,Home,A,3,99,North,297
703,2023-05-25,1459,Male,32,Beauty,C,2,94,South,188
704,2023-07-20,1006,Male,48,Beauty,C,4,282,North,1128
705,2023-07-31,1028,Female,46,Electronics,C,1,345,West,345
706,2023-08-08,1906,Male,43,Electronics,B,4,197,East,788
707,2023-08-28,1032,Male,35,Clothing,C,4,168,East,672
708,2023-02-15,1645,Female,49,Electronics,B,2,252,West,504
709,2023-02-04,1878,Female,39,Clothing,C,1,82,East,82
710,2023-09-10,1078,Female,55,Sports,B,1,488,West,488
711,2023-03-23,1927,Female,34,Clothing,C,4,471,East,1884
712,2023-09-13,1946,Female,40,Electronics,C,2,58,East,116
713,2023-07-16,1458,Female,41,Sports,A,1,110,East,110
714,2023-10-30,1569,Female,25,Electronics,C,4,11,South,44
715,2023-01-10,1982,Male,58,Clothing,C,1,253,South,253
716,2023-11-08,1537,Female,23,Home,A,2,185,West,370
717,2023-10-13,1481,Female,22,Beauty,B,2,247,South,494
718,2023-08-30,1429,Female,46,Electronics,A,2,407,West,814
719,2023-09-08,1737,Male,45,Clothing,A,1,68,North,68
720,2023-12-31,1284,Male,28,Sports,B,3,362,North,1086
721,2023-01-05,1515,Female,18,Electronics,C,1,108,South,108
722,2023-04-29,1976,Female,36,Electronics,B,3,451,North,1353
723,2023-10-16,1098,Female,26,Beauty,C,2,368,North,736
724,2023-03-06,1396,Male,44,Clothing,C,4,451,East,1804
725,2023-05-26,1488,Male,51,Home,B,3,444,East,1332
726,2023-08-12,1038,Female,21,Sports,A,2,477,West,954
727,2023-08-27,1270,Male,53,Clothing,B,2,11,North,22
728,2023-06-26,1886,Female,35,Sports,C,3,252,West,756
729,2023-09-24,1796,Male,32,Electronics,B,4,306,West,1224
730,2023-12-07,1156,Male,30,Beauty,B,2,220,North,440
731,2023-10-09,1074,Female,36,Beauty,C,3,132,South,396
732,2023-03-04,1883,Female,23,Home,A,4,238,North,952
733,2023-08-05,1799,Female,29,Beauty,B,4,91,East,364
734,2023-12-08,1129,Female,54,Electronics,C,2,153,North,306
735,2023-11-11,1686,Male,34,Home,C,1,397,South,397
736,2023-10-10,1973,Male,40,Clothing,B,1,149,West,149
737,2023-06-26,1083,Male,43,Beauty,A,2,38,West,76
738,2023-04-08,1021,Female,46,Home,B,4,400,East,1600
739,2023-04-15,1458,Male,50,Electronics,A,2,279,East,558
740,2023-04-09,1538,Female,44,Sports,A,3,256,East,768
741,2023-11-07,1706,Male,42,Sports,A,1,21,West,21
742,2023-01-06,1848,Female,27,Electronics,A,3,364,East,1092
743,2023-07-16,1381,Female,40,Electronics,B,2,398,North,796
744,2023-12-17,1747,Male,38,Sports,C,2,346,West,692
745,2023-05-13,1439,Female,38,Home,C,4,115,South,460
746,2023-12-24,1603,Female,30,Sports,C,4,41,West,164
747,2023-09-16,1988,Male,54,Electronics,C,4,83,North,332
748,2023-01-23,1020,Female,50,Beauty,C,3,180,North,540
749,2023-02-22,1302,Female,41,Clothing,C,4,346,East,1384
750,2023-06-14,1975,Female,28,Beauty,B,2,78,West,156
751,2023-07-21,1868,Male,34,Beauty,A,4,310,West,1240
752,2023-03-24,1954,Male,21,Electronics,C,1,371,West,371
753,2023-05-25,1083,Female,42,Sports,B,4,146,South,584
754,2023-03-26,1773,Male,47,Home,C,3,442,East,1326
755,2023-03-19,1658,Female,26,Beauty,C,1,426,North,426
756,2023-01-01,1952,Female,38,Sports,A,1,493,North,493
757,2023-02-20,1452,Female,37,Home,A,1,109,East,109
758,2023-06-22,1386,Female,36,Beauty,A,3,155,North,465
759,2023-07-24,1506,Female,36,Home,C,2,18,North,36
760,2023-09-17,1256,Male,29,Sports,C,4,71,East,284
761,2023-10-15,1569,Female,54,Clothing,C,1,194,North,194
762,2023-02-03,1891,Male,59,Sports,A,1,38,West,38
763,2023-12-14,1933,Male,34,Electronics,B,1,390,South,390
764,2023-04-05,1526,Female,54,Home,C,2,123,East,246
765,2023-03-13,1161,Female,56,Clothing,C,2,471,South,942
766,2023-02-08,1956,Male,45,Home,C,3,418,North,1254
767,2023-06-03,1162,Male,58,Home,B,2,152,North,304
768,2023-09-07,1831,Male,52,Beauty,C,4,399,West,1596
769,2023-06-11,1792,Female,35,Electronics,B,3,129,East,387
770,2023-04-28,1791,Male,31,Home,C,3,179,North,537
771,2023-09-16,1523,Female,52,Sports,B,4,166,East,664
772,2023-11-02,1785,Female,58,Sports,C,4,344,East,1376
773,2023-09-25,1270,Female,24,Beauty,A,4,358,East,1432
774,2023-02-23,1491,Male,58,Electronics,A,3,269,East,807
775,2023-08-24,1207,Female,30,Electronics,A,3,91,East,273
776,2023-08-10,1538,Female,35,Sports,A,3,251,South,753
777,2023-09-08,1583,Female,54,Clothing,C,4,450,West,1800
778,2023-11-09,1059,Female,30,Beauty,A,4,442,East,1768
779,2023-04-22,1429,Female,53,Beauty,B,1,181,South,181
780,2023-09-12,1984,Male,48,Sports,A,2,240,North,480
781,2023-10-30,1656,Female,19,Sports,A,1,217,East,217
782,2023-07-26,1604,Female,33,Clothing,A,4,84,North,336
783,2023-08-17,1308,Male,26,Clothing,C,3,279,East,837
784,2023-12-07,1519,Female,26,Electronics,A,4,396,South,1584
785,2023-03-07,1590,Male,55,Beauty,B,2,123,South,246
786,2023-03-16,1026,Female,28,Beauty,A,1,71,South,71
787,2023-04-13,1685,Male,39,Sports,A,1,371,West,371
788,2023-07-11,1561,Male,50,Electronics,A,3,329,North,987
789,2023-09-09,1198,Female,53,Beauty,B,1,111,West,111
790,2023-08-14,1386,Female,40,Electronics,A,1,438,East,438
791,2023-10-21,1348,Female,51,Electronics,B,4,371,North,1484
792,2023-11-02,1959,Male,26,Sports,B,1,219,South,219
793,2023-04-08,1939,Male,41,Electronics,A,1,451,North,451
794,2023-12-04,1692,Male,25,Clothing,B,1,264,South,264
795,2023-10-13,1535,Female,24,Clothing,C,3,29,West,87
796,2023-12-01,1827,Male,53,Home,A,3,67,West,201
797,2023-12-13,1377,Male,35,Sports,A,4,121,South,484
798,2023-11-04,1898,Female,20,Home,B,1,482,South,482
799,2023-09-06,1915,Male,45,Clothing,B,3,322,East,966
800,2023-06-15,1557,Male,23,Home,A,3,495,West,1485
801,2023-12-01,1526,Female,38,Sports,C,4,470,West,1880
802,2023-01-30,1152,Male,45,Sports,B,2,205,East,410
803,2023-09-04,1733,Female,57,Electronics,B,1,384,West,384
804,2023-04-16,1205,Female,18,Beauty,C,3,471,South,1413
805,2023-02-20,1454,Female,53,Electronics,C,4,362,North,1448
806,2023-03-22,1272,Female,38,Sports,A,4,101,North,404
807,2023-05-13,1893,Female,52,Clothing,C,4,61,West,244
808,2023-10-12,1235,Male,30,Clothing,A,3,302,East,906
809,2023-05-18,1851,Male,27,Electronics,C,1,17,South,17
810,2023-07-03,1739,Female,27,Sports,B,2,309,North,618
811,2023-11-26,1520,Female,30,Clothing,A,1,107,South,107
812,2023-09-30,1677,Male,54,Sports,A,4,245,West,980
813,2023-12-06,1943,Female,55,Clothing,A,4,398,West,1592
814,2023-03-10,1955,Female,41,Sports,C,2,383,North,766
815,2023-02-03,1830,Female,19,Home,B,1,78,West,78
816,2023-09-19,1725,Male,39,Sports,A,4,424,East,1696
817,2023-02-22,1500,Male,34,Sports,A,4,54,West,216
818,2023-07-24,1116,Female,53,Electronics,A,1,146,West,146
819,2023-05-06,1385,Female,31,Home,A,4,243,West,972
820,2023-08-23,1343,Male,27,Beauty,B,1,41,South,41
821,2023-02-12,1583,Male,52,Electronics,C,4,298,South,1192
822,2023-08-28,1394,Female,42,Beauty,B,1,135,North,135
823,2023-04-21,1063,Female,20,Clothing,A,2,76,North,152
824,2023-09-06,1716,Male,55,Beauty,B,4,39,North,156
825,2023-05-31,1720,Male,34,Sports,A,2,123,West,246
826,2023-07-02,1071,Male,29,Beauty,C,4,213,South,852
827,2023-12-02,1788,Female,41,Electronics,C,4,38,East,152
828,2023-04-05,1273,Male,46,Electronics,C,3,140,West,420
829,2023-01-08,1989,Female,42,Beauty,A,1,483,West,483
830,2023-12-26,1319,Male,53,Electronics,B,2,194,West,388
831,2023-07-03,1337,Male,43,Electronics,C,2,262,East,524
832,2023-10-08,1365,Male,55,Beauty,A,2,295,North,590
833,2023-07-14,1494,Male,18,Home,A,1,402,East,402
834,2023-12-18,1606,Female,37,Home,B,3,419,North,1257
835,2023-07-14,1165,Female,45,Clothing,C,2,395,East,790
836,2023-06-04,1543,Male,33,Electronics,A,1,71,South,71
837,2023-04-03,1010,Female,34,Beauty,B,4,12,West,48
838,2023-06-09,1300,Male,57,Electronics,C,2,439,West,878
839,2023-03-02,1728,Male,45,Sports,B,2,77,West,154
840,2023-05-02,1800,Male,29,Electronics,B,3,34,North,102
841,2023-02-20,1101,Male,44,Electronics,A,2,188,East,376
842,2023-10-04,1424,Female,59,Home,A,2,150,South,300
843,2023-01-05,1391,Male,47,Beauty,A,4,240,East,960
844,2023-04-02,1778,Male,58,Electronics,B,1,309,West,309
845,2023-06-19,1213,Female,51,Home,A,1,172,South,172
846,2023-11-13,1690,Male,54,Clothing,B,3,320,South,960
847,2023-01-22,1087,Male,23,Home,B,4,480,West,1920
848,2023-11-22,1552,Male,24,Home,A,1,402,East,402
849,2023-01-01,1400,Female,49,Home,C,4,139,West,556
850,2023-05-13,1587,Male,49,Electronics,C,1,454,East,454
851,2023-08-21,1888,Female,42,Electronics,C,4,255,South,1020
852,2023-01-12,1045,Male,50,Clothing,B,3,306,South,918
853,2023-12-12,1671,Male,24,Sports,B,2,181,West,362
854,2023-02-15,1462,Female,29,Sports,B,3,73,South,219
855,2023-02-03,1591,Male,33,Sports,A,1,40,North,40
856,2023-03-19,1309,Male,33,Clothing,B,3,56,South,168
857,2023-08-06,1085,Female,53,Sports,A,2,139,North,278
858,2023-10-28,1091,Female,30,Sports,A,3,361,South,1083
859,2023-03-14,1659,Female,24,Home,C,1,475,West,475
860,2023-10-09,1672,Female,53,Electronics,C,1,342,West,342
861,2023-09-06,1713,Female,26,Electronics,C,3,119,North,357
862,2023-02-16,1935,Male,49,Home,A,2,78,West,156
863,2023-05-01,1927,Female,28,Home,A,3,67,South,201
864,2023-08-02,1241,Male,25,Home,A,2,115,South,230
865,2023-08-27,1864,Male,50,Electronics,B,4,309,West,1236
866,2023-02-25,1001,Male,40,Sports,A,2,339,South,678
867,2023-12-16,1224,Female,42,Home,C,4,265,East,1060
868,2023-04-17,1800,Female,25,Clothing,C,3,321,East,963
869,2023-11-15,1744,Male,39,Home,A,2,180,South,360
870,2023-02-17,1972,Female,21,Beauty,A,4,392,West,1568
871,2023-03-02,1925,Female,57,Home,C,4,482,North,1928
872,2023-12-03,1928,Female,20,Electronics,A,4,171,West,684
873,2023-01-26,1588,Female,46,Home,C,1,494,North,494
874,2023-10-19,1115,Male,58,Beauty,B,3,295,West,885
875,2023-09-14,1665,Male,46,Clothing,C,4,80,South,320
876,2023-01-08,1917,Female,51,Sports,B,2,264,East,528
877,2023-04-23,1102,Male,51,Home,A,4,463,West,1852
878,2023-12-21,1193,Female,45,Beauty,A,1,383,North,383
879,2023-09-10,1165,Female,30,Beauty,B,3,64,East,192
880,2023-06-29,1870,Male,32,Clothing,A,1,332,North,332
881,2023-07-26,1089,Male,40,Electronics,B,1,406,South,406
882,2023-10-30,1685,Male,43,Home,A,1,12,East,12
883,2023-05-07,1121,Female,21,Beauty,C,2,35,North,70
884,2023-02-25,1142,Male,43,Clothing,A,3,322,West,966
885,2023-08-02,1993,Female,57,Sports,C,3,135,South,405
886,2023-01-14,1105,Male,26,Beauty,C,2,417,South,834
887,2023-01-28,1886,Male,22,Clothing,B,3,62,South,186
888,2023-03-19,1427,Female,49,Electronics,A,1,207,West,207
889,2023-08-04,1304,Female,37,Electronics,B,3,308,West,924
890,2023-12-31,1871,Female,28,Beauty,A,2,197,East,394
891,2023-06-03,1970,Female,32,Beauty,C,1,195,West,195
892,2023-01-14,1316,Female,49,Home,C,2,314,East,628
893,2023-07-06,1962,Female,45,Clothing,A,4,307,South,1228
894,2023-11-08,1634,Female,39,Beauty,A,1,213,East,213
895,2023-01-07,1901,Female,58,Home,B,1,493,North,493
896,2023-01-03,1008,Male,34,Home,A,3,459,South,1377
897,2023-04-21,1773,Female,43,Beauty,A,1,20,South,20
898,2023-08-26,1072,Female,24,Electronics,A,2,368,East,736
899,2023-12-29,1358,Male,59,Clothing,B,3,363,South,1089
900,2023-08-27,1222,Female,43,Clothing,A,4,483,West,1932
901,2023-10-01,1415,Male,42,Electronics,C,2,155,North,310
902,2023-10-21,1552,Male,27,Beauty,B,4,94,East,376
903,2023-08-15,1369,Female,36,Clothing,B,4,109,East,436
904,2023-01-15,1715,Male,28,Beauty,C,4,113,South,452
905,2023-07-11,1263,Female,30,Beauty,C,1,445,West,445
906,2023-04-29,1839,Male,25,Home,C,2,55,South,110
907,2023-01-28,1689,Male,57,Electronics,A,2,53,South,106
908,2023-07-21,1859,Male,21,Beauty,C,1,287,East,287
909,2023-02-08,1317,Female,48,Sports,A,3,190,South,570
910,2023-09-30,1083,Female,45,Electronics,B,4,196,North,784
911,2023-08-19,1317,Male,28,Clothing,B,2,487,South,974
912,2023-03-27,1110,Male,18,Home,C,1,123,South,123
913,2023-05-06,1250,Female,55,Clothing,A,4,264,East,1056
914,2023-10-27,1382,Female,41,Clothing,C,3,390,South,1170
915,2023-01-25,1006,Male,48,Electronics,C,3,389,West,1167
916,2023-05-25,1458,Male,58,Clothing,A,4,39,East,156
917,2023-01-13,1083,Female,43,Beauty,C,3,273,South,819
918,2023-07-31,1207,Female,22,Clothing,B,2,107,North,214
919,2023-01-25,1899,Female,37,Home,C,2,322,North,644
920,2023-03-09,1389,Female,58,Home,A,2,376,East,752
921,2023-03-08,1313,Female,28,Sports,A,3,338,East,1014
922,2023-08-21,1021,Male,50,Home,B,2,124,South,248
923,2023-04-19,1409,Female,55,Clothing,A,1,285,West,285
924,2023-05-26,1894,Male,44,Home,A,2,497,South,994
925,2023-04-21,1514,Female,51,Electronics,B,2,290,North,580
926,2023-08-16,1126,Male,32,Home,C,3,284,West,852
927,2023-04-21,1808,Female,49,Beauty,B,2,270,West,540
928,2023-02-03,1699,Female,38,Electronics,C,4,340,West,1360
929,2023-04-21,1873,Male,22,Sports,B,1,216,South,216
930,2023-09-21,1013,Male,23,Beauty,C,3,393,North,1179
931,2023-08-24,1970,Female,55,Clothing,B,1,337,East,337
932,2023-03-24,1977,Female,39,Clothing,C,4,220,South,880
933,2023-02-11,1011,Female,35,Clothing,B,3,224,East,672
934,2023-04-11,1086,Female,31,Beauty,C,3,420,West,1260
935,2023-01-06,1523,Female,27,Beauty,B,2,49,West,98
936,2023-06-29,1908,Male,30,Beauty,A,1,489,South,489
937,2023-10-09,1536,Male,48,Electronics,C,4,35,North,140
938,2023-11-16,1300,Female,47,Electronics,B,4,36,West,144
939,2023-08-14,1242,Male,20,Clothing,C,3,199,East,597
940,2023-11-11,1121,Male,47,Home,C,2,92,East,184
941,2023-12-31,1146,Male,23,Clothing,B,3,393,South,1179
942,2023-08-17,1566,Female,46,Sports,C,3,443,East,1329
943,2023-10-16,1749,Male,25,Electronics,B,3,179,North,537
944,2023-05-30,1355,Female,50,Beauty,A,3,422,West,1266
945,2023-10-04,1684,Male,34,Electronics,C,4,176,East,704
946,2023-07-17,1903,Female,28,Beauty,A,4,197,East,788
947,2023-03-11,1732,Male,30,Sports,C,3,178,West,534
948,2023-04-22,1630,Female,28,Sports,C,3,298,South,894
949,2023-01-04,1308,Female,48,Electronics,C,2,476,East,952
950,2023-12-16,1694,Male,45,Beauty,B,3,238,South,714
951,2023-11-27,1287,Female,23,Sports,A,4,476,South,1904
952,2023-11-14,1306,Female,58,Clothing,C,1,106,East,106
953,2023-12-16,1811,Female,33,Clothing,B,4,376,North,1504
954,2023-04-05,1593,Female,21,Beauty,C,2,25,South,50
955,2023-06-01,1965,Female,52,Electronics,B,4,288,East,1152
956,2023-11-07,1913,Female,43,Sports,C,1,144,South,144
957,2023-05-17,1722,Female,29,Electronics,A,3,35,West,105
958,2023-09-04,1661,Female,28,Clothing,A,1,361,North,361
959,2023-08-31,1548,Male,54,Sports,C,3,21,North,63
960,2023-01-31,1351,Male,42,Electronics,B,3,81,West,243
961,2023-02-09,1311,Female,35,Home,C,4,142,West,568
962,2023-08-17,1872,Female,36,Beauty,B,4,115,South,460
963,2023-02-05,1058,Male,40,Beauty,C,4,229,West,916
964,2023-08-11,1642,Male,55,Home,B,2,382,North,764
965,2023-01-06,1923,Male,35,Clothing,A,4,462,West,1848
966,2023-11-18,1713,Female,43,Sports,C,2,186,East,372
967,2023-08-08,1754,Male,23,Beauty,A,4,291,East,1164
968,2023-03-16,1034,Female,21,Home,A,3,142,South,426
969,2023-01-04,1444,Female,46,Home,C,2,31,North,62
970,2023-12-01,1092,Male,51,Clothing,C,1,472,East,472
971,2023-05-14,1949,Female,34,Clothing,B,2,278,West,556
972,2023-04-28,1958,Female,33,Electronics,B,2,421,East,842
973,2023-04-04,1206,Female,19,Beauty,A,1,170,East,170
974,2023-03-03,1352,Female,51,Electronics,B,2,116,South,232
975,2023-07-13,1902,Male,25,Home,B,3,288,West,864
976,2023-12-01,1331,Male,30,Sports,C,4,362,West,1448
977,2023-07-22,1816,Female,59,Sports,B,1,244,West,244
978,2023-01-26,1861,Female,25,Clothing,A,4,27,South,108
979,2023-06-22,1724,Male,47,Sports,B,3,251,West,753
980,2023-10-27,1158,Female,49,Sports,A,1,126,West,126
981,2023-05-13,1953,Male,53,Sports,C,4,295,East,1180
982,2023-11-22,1956,Female,47,Home,A,4,291,East,1164
983,2023-04-28,1023,Female,18,Sports,B,3,153,West,459
984,2023-11-20,1403,Male,56,Sports,C,4,214,North,856
985,2023-10-02,1804,Male,34,Sports,B,3,48,North,144
986,2023-07-31,1515,Male,37,Electronics,C,2,426,West,852
987,2023-08-13,1731,Male,41,Home,C,3,163,North,489
988,2023-01-20,1363,Female,39,Clothing,B,2,185,South,370
989,2023-04-23,1381,Male,46,Electronics,B,1,458,East,458
990,2023-05-20,1531,Female,39,Beauty,C,4,250,South,1000
991,2023-02-16,1955,Male,26,Home,C,3,431,East,1293
992,2023-01-01,1151,Male,54,Home,B,3,395,North,1185
993,2023-03-31,1561,Female,27,Beauty,A,4,378,North,1512
994,2023-05-22,1688,Male,53,Beauty,B,4,143,West,572
995,2023-11-16,1946,Male,54,Beauty,C,1,55,North,55
996,2023-02-07,1607,Male,45,Clothing,B,1,59,North,59
997,2023-10-20,1616,Male,45,Sports,A,3,175,West,525
998,2023-05-19,1419,Female,59,Home,B,1,115,West,115
999,2023-12-22,1249,Female,38,Sports,C,2,225,East,450
1000,2023-11-29,1116,Male,41,Sports,B,1,155,North,155
1001,2023-09-16,1865,Male,59,Beauty,C,1,420,East,420
1002,2023-06-10,1511,Male,57,Clothing,C,3,434,East,1302
1003,2023-06-27,1739,Female,19,Electronics,B,2,81,South,162
1004,2023-01-10,1577,Female,25,Clothing,C,1,485,North,485
1005,2023-09-18,1334,Female,44,Sports,C,2,339,North,678
1006,2023-05-18,1417,Female,39,Clothing,A,2,282,South,564
1007,2023-06-21,1931,Male,54,Beauty,A,2,256,East,512
1008,2023-01-13,1773,Male,44,Electronics,A,4,455,North,1820
1009,2023-06-17,1294,Male,46,Beauty,A,4,422,East,1688
1010,2023-05-10,1937,Female,20,Electronics,C,4,195,South,780
1011,2023-03-25,1754,Male,30,Sports,B,4,79,West,316
1012,2023-11-17,1370,Female,27,Electronics,C,3,471,East,1413
1013,2023-11-15,1185,Female,53,Electronics,C,1,159,North,159
1014,2023-04-11,1245,Male,26,Electronics,C,4,255,West,1020
1015,2023-11-25,1636,Male,44,Clothing,B,3,271,East,813
1016,2023-09-30,1267,Male,51,Clothing,A,1,35,East,35
1017,2023-09-22,1642,Female,18,Sports,C,4,432,West,1728
1018,2023-02-07,1236,Female,49,Electronics,C,1,149,West,149
1019,2023-04-04,1529,Male,42,Home,A,4,108,West,432
1020,2023-04-05,1551,Male,46,Sports,C,3,407,North,1221
1021,2023-11-01,1020,Female,24,Electronics,B,2,287,North,574
1022,2023-03-10,1910,Male,20,Electronics,C,2,60,East,120
1023,2023-11-14,1736,Female,37,Clothing,C,1,160,East,160
1024,2023-08-24,1866,Female,37,Sports,A,3,441,South,1323
1025,2023-11-30,1793,Male,47,Electronics,C,2,464,North,928
1026,2023-05-17,1519,Male,52,Electronics,C,4,113,East,452
1027,2023-03-17,1099,Male,52,Sports,B,2,443,West,886
1028,2023-02-04,1751,Male,56,Home,A,1,98,West,98
1029,2023-01-01,1477,Female,44,Sports,A,1,150,North,150
1030,2023-10-23,1598,Female,43,Sports,B,3,222,West,666
1031,2023-11-16,1297,Female,31,Home,C,1,242,South,242
1032,2023-03-01,1939,Male,34,Sports,A,2,403,East,806
1033,2023-11-16,1525,Female,35,Electronics,A,2,192,East,384
1034,2023-12-15,1333,Male,46,Sports,C,2,260,East,520
1035,2023-11-24,1001,Male,37,Home,C,2,18,North,36
1036,2023-09-24,1374,Male,44,Beauty,A,3,88,West,264
1037,2023-12-27,1292,Male,35,Sports,C,4,61,South,244
1038,2023-08-17,1836,Male,21,Clothing,A,4,395,North,1580
1039,2023-09-27,1933,Male,18,Electronics,C,3,418,East,1254
1040,2023-11-12,1552,Female,18,Electronics,C,1,278,South,278
1041,2023-10-13,1317,Male,43,Clothing,B,4,235,East,940
1042,2023-10-18,1501,Female,37,Clothing,C,1,60,East,60
1043,2023-08-01,1827,Female,40,Sports,B,4,195,North,780
1044,2023-06-14,1380,Male,27,Clothing,C,1,43,East,43
1045,2023-01-05,1622,Male,28,Beauty,A,3,300,South,900
1046,2023-12-05,1013,Male,58,Home,A,2,239,East,478
1047,2023-03-19,1503,Female,58,Clothing,C,1,140,West,140
1048,2023-03-03,1230,Male,22,Clothing,C,2,499,East,998
1049,2023-05-12,1984,Female,18,Beauty,A,1,129,North,129
1050,2023-03-30,1083,Male,34,Electronics,C,1,452,South,452
1051,2023-08-25,1129,Male,39,Electronics,B,1,335,North,335
1052,2023-02-11,1742,Female,51,Sports,B,1,256,West,256
1053,2023-03-30,1837,Female,58,Beauty,B,1,441,East,441
1054,2023-10-23,1144,Male,46,Home,B,2,201,North,402
1055,2023-11-24,1890,Female,21,Home,B,1,412,North,412
1056,2023-10-22,1856,Female,22,Beauty,C,2,332,North,664
1057,2023-04-14,1027,Female,28,Home,C,3,219,North,657
1058,2023-01-14,1065,Female,38,Electronics,B,4,112,West,448
1059,2023-10-15,1162,Female,52,Home,C,1,338,West,338
1060,2023-06-28,1228,Male,29,Home,C,4,381,East,1524
1061,2023-05-05,1260,Male,43,Beauty,B,2,469,East,938
1062,2023-12-19,1448,Female,36,Beauty,C,3,142,South,426
1063,2023-01-23,1423,Male,24,Home,C,3,332,West,996
1064,2023-03-04,1459,Male,24,Clothing,C,3,148,North,444
1065,2023-05-23,1951,Female,43,Beauty,B,4,130,North,520
1066,2023-06-02,1675,Male,57,Sports,C,2,103,South,206
1067,2023-05-25,1300,Female,22,Sports,A,1,461,North,461
1068,2023-08-13,1918,Female,38,Electronics,A,1,462,South,462
1069,2023-11-05,1302,Male,31,Home,B,2,138,East,276
1070,2023-04-14,1286,Female,21,Clothing,A,4,100,West,400
1071,2023-04-14,1394,Female,40,Electronics,B,1,101,South,101
1072,2023-02-08,1009,Female,59,Home,A,2,72,North,144
1073,2023-07-17,1706,Female,37,Beauty,A,1,38,South,38
1074,2023-05-14,1629,Female,32,Sports,A,3,219,East,657
1075,2023-03-08,1269,Male,46,Clothing,B,1,21,North,21
1076,2023-06-28,1591,Male,25,Sports,B,4,342,East,1368
1077,2023-02-11,1969,Female,58,Beauty,C,2,306,East,612
1078,2023-01-15,1604,Female,36,Home,B,4,139,South,556
1079,2023-04-21,1777,Male,56,Beauty,A,2,302,East,604
1080,2023-06-06,1843,Female,45,Beauty,A,3,182,North,546
1081,2023-10-16,1861,Male,44,Sports,B,2,217,East,434
1082,2023-08-19,1360,Female,21,Clothing,B,1,441,East,441
1083,2023-06-06,1256,Female,32,Beauty,B,1,33,South,33
1084,2023-02-07,1132,Female,52,Sports,C,3,108,East,324
1085,2023-04-07,1275,Female,54,Clothing,A,2,415,West,830
1086,2023-10-16,1775,Female,18,Home,C,3,365,South,1095
1087,2023-09-11,1682,Female,20,Home,C,1,148,South,148
1088,2023-07-15,1971,Female,41,Electronics,A,4,323,North,1292
1089,2023-03-27,1512,Male,44,Sports,A,3,183,North,549
1090,2023-11-18,1312,Male,57,Clothing,B,4,38,North,152
1091,2023-01-10,1575,Male,53,Beauty,B,4,428,North,1712
1092,2023-01-05,1885,Female,51,Home,C,2,152,West,304
1093,2023-05-03,1979,Female,46,Clothing,B,3,325,South,975
1094,2023-11-26,1283,Female,41,Sports,B,4,360,East,1440
1095,2023-12-19,1120,Female,41,Electronics,A,4,51,North,204
1096,2023-04-28,1106,Female,59,Home,A,2,498,North,996
1097,2023-10-21,1932,Female,21,Clothing,B,2,308,North,616
1098,2023-06-08,1686,Female,20,Clothing,A,1,217,East,217
1099,2023-10-30,1996,Male,51,Clothing,B,4,339,North,1356
1100,2023-08-16,1203,Female,40,Sports,A,1,442,East,442
1101,2023-12-31,1164,Male,40,Sports,A,4,201,South,804
1102,2023-08-04,1304,Male,22,Sports,A,1,169,South,169
1103,2023-07-03,1496,Female,48,Beauty,A,2,73,South,146
1104,2023-01-15,1631,Female,58,Clothing,B,3,252,West,756
1105,2023-06-06,1555,Male,23,Home,C,2,267,East,534
1106,2023-05-16,1823,Male,54,Sports,A,1,161,North,161
1107,2023-09-18,1155,Female,27,Sports,B,1,224,North,224
1108,2023-06-06,1366,Female,57,Clothing,B,3,331,North,993
1109,2023-02-16,1718,Male,24,Sports,A,4,175,North,700
1110,2023-11-20,1901,Female,56,Beauty,C,1,40,West,40
1111,2023-11-28,1619,Female,55,Beauty,A,1,380,North,380
1112,2023-06-22,1250,Female,38,Sports,B,1,241,West,241
1113,2023-05-10,1956,Male,37,Clothing,C,3,291,East,873
1114,2023-04-05,1915,Male,20,Clothing,B,2,38,South,76
1115,2023-04-25,1881,Male,39,Clothing,A,1,204,North,204
1116,2023-08-31,1333,Female,21,Electronics,C,3,343,South,1029
1117,2023-10-19,1641,Female,45,Sports,B,1,265,East,265
1118,2023-10-09,1968,Male,29,Clothing,B,4,290,East,1160
1119,2023-10-26,1510,Male,55,Beauty,B,3,313,North,939
1120,2023-10-10,1292,Male,53,Home,A,1,330,East,330
1121,2023-03-10,1019,Female,58,Home,C,3,446,South,1338
1122,2023-05-28,1281,Male,22,Clothing,A,1,332,North,332
1123,2023-01-11,1796,Male,30,Home,A,2,355,West,710
1124,2023-09-11,1000,Female,40,Home,A,1,411,North,411
1125,2023-11-26,1118,Female,47,Electronics,C,3,402,South,1206
1126,2023-12-26,1034,Female,54,Beauty,A,4,303,North,1212
1127,2023-02-07,1197,Male,42,Beauty,A,4,96,North,384
1128,2023-05-14,1484,Female,44,Electronics,A,4,158,South,632
1129,2023-07-19,1756,Female,31,Electronics,A,1,258,North,258
1130,2023-01-23,1058,Male,53,Home,B,2,330,North,660
1131,2023-10-30,1836,Female,56,Sports,A,1,414,South,414
1132,2023-12-12,1160,Male,33,Home,B,4,292,East,1168
1133,2023-10-29,1690,Male,39,Electronics,A,3,371,South,1113
1134,2023-12-29,1205,Female,38,Beauty,C,4,388,North,1552
1135,2023-08-06,1011,Female,38,Home,B,3,207,West,621
1136,2023-05-21,1489,Female,25,Sports,B,2,53,West,106
1137,2023-04-14,1275,Female,33,Home,B,3,365,South,1095
1138,2023-07-29,1692,Female,48,Clothing,B,1,37,West,37
1139,2023-04-21,1241,Female,59,Home,C,1,438,North,438
1140,2023-04-14,1215,Male,27,Electronics,A,1,26,North,26
1141,2023-11-12,1250,Male,49,Beauty,B,3,136,South,408
1142,2023-06-20,1810,Female,51,Beauty,C,1,388,North,388
1143,2023-12-22,1125,Male,26,Electronics,B,1,177,East,177
1144,2023-11-20,1993,Female,34,Clothing,A,1,253,North,253
1145,2023-05-13,1216,Male,28,Electronics,B,2,396,South,792
1146,2023-10-20,1305,Male,49,Home,C,3,85,East,255
1147,2023-11-24,1796,Male,27,Electronics,A,3,240,East,720
1148,2023-05-07,1184,Female,39,Electronics,C,4,213,West,852
1149,2023-04-16,1038,Male,34,Clothing,A,3,459,North,1377
1150,2023-04-02,1222,Female,21,Home,A,2,257,South,514
1151,2023-10-14,1183,Male,42,Sports,A,3,311,West,933
1152,2023-02-20,1494,Male,38,Sports,B,2,223,West,446
1153,2023-01-29,1426,Male,54,Beauty,C,2,224,North,448
1154,2023-10-23,1177,Male,55,Electronics,C,3,167,North,501
1155,2023-10-24,1918,Male,18,Beauty,C,4,78,South,312
1156,2023-08-02,1427,Female,42,Clothing,A,1,402,West,402
1157,2023-09-24,1293,Female,53,Sports,B,1,94,South,94
1158,2023-09-14,1851,Male,34,Electronics,A,3,276,West,828
1159,2023-10-29,1150,Male,58,Clothing,C,3,78,West,234
1160,2023-04-11,1383,Male,41,Clothing,B,2,108,West,216
1161,2023-12-12,1637,Male,19,Electronics,B,3,356,North,1068
1162,2023-04-20,1812,Female,57,Clothing,B,2,459,West,918
1163,2023-07-01,1307,Male,32,Electronics,C,4,225,West,900
1164,2023-11-09,1335,Female,49,Electronics,B,3,424,West,1272
1165,2023-01-01,1945,Male,56,Home,B,1,170,East,170
1166,2023-11-15,1745,Female,23,Beauty,A,1,432,North,432
1167,2023-02-24,1891,Male,18,Clothing,A,3,103,East,309
1168,2023-05-29,1374,Male,40,Clothing,B,2,183,North,366
1169,2023-11-05,1007,Female,56,Home,B,1,174,South,174
1170,2023-05-17,1340,Male,34,Home,A,2,124,East,248
1171,2023-07-21,1128,Male,51,Home,A,3,229,South,687
1172,2023-11-09,1775,Male,58,Sports,A,3,453,West,1359
1173,2023-04-27,1668,Female,46,Sports,C,1,40,South,40
1174,2023-06-03,1351,Male,26,Sports,C,3,20,South,60
1175,2023-10-18,1357,Male,30,Electronics,A,4,352,South,1408
1176,2023-03-04,1516,Female,23,Clothing,B,4,386,South,1544
1177,2023-09-01,1494,Female,23,Beauty,A,1,139,North,139
1178,2023-01-25,1085,Female,37,Electronics,C,4,497,East,1988
1179,2023-03-31,1174,Male,20,Clothing,B,2,114,North,228
1180,2023-03-16,1801,Male,34,Clothing,C,1,36,North,36
1181,2023-10-21,1192,Male,29,Home,B,1,236,North,236
1182,2023-07-29,1310,Female,18,Home,C,2,11,South,22
1183,2023-12-13,1118,Male,34,Electronics,B,4,368,North,1472
1184,2023-01-17,1217,Male,20,Home,B,4,110,East,440
1185,2023-05-08,1426,Female,43,Clothing,B,4,30,North,120
1186,2023-12-30,1969,Female,32,Home,B,1,67,West,67
1187,2023-09-08,1413,Female,53,Sports,C,1,398,South,398
1188,2023-06-28,1113,Female,49,Home,C,4,189,West,756
1189,2023-07-01,1977,Female,49,Clothing,B,3,438,East,1314
1190,2023-06-01,1144,Male,21,Electronics,B,4,350,East,1400
1191,2023-01-25,1537,Female,35,Beauty,C,2,358,East,716
1192,2023-06-29,1647,Male,36,Home,B,1,29,East,29
1193,2023-07-17,1302,Male,52,Clothing,B,2,264,North,528
1194,2023-12-10,1743,Female,57,Beauty,B,2,326,South,652
1195,2023-06-10,1880,Female,31,Beauty,A,1,47,East,47
1196,2023-06-26,1587,Female,50,Sports,B,3,157,West,471
1197,2023-10-12,1986,Male,31,Beauty,A,4,34,East,136
1198,2023-03-04,1839,Female,51,Clothing,B,2,395,South,790
1199,2023-05-30,1344,Female,21,Clothing,C,1,130,West,130
1200,2023-06-03,1813,Female,41,Home,A,2,425,West,850
